<?xml version="1.0" encoding="UTF-8"?>
<!DOCTYPE tiles-definitions PUBLIC "-//Apache Software Foundation//DTD Tiles Configuration 3.0//EN"
  "http://tiles.apache.org/dtds/tiles-config_3_0.dtd">
<tiles-definitions>

	<!-- 홈화면 -->
	<definition name="home" template="/WEB-INF/views/template/client/clientLayout.jsp">
		<put-attribute name="header" value="/WEB-INF/views/template/homeHeader.jsp" />
		<put-attribute name="body" value="/WEB-INF/views/template/homeBody.jsp" />
		<put-attribute name="nav" value="/WEB-INF/views/template/commonNav.jsp" />
		<put-attribute name="footer" value="/WEB-INF/views/template/homeFooter.jsp" />
	</definition>
	
	<!-- 기본 -->
	<definition name="basicTemplate" template="/WEB-INF/views/template/client/clientLayout.jsp">
		<put-attribute name="header" value="/WEB-INF/views/template/homeHeader.jsp" />
		<put-attribute name="body" value="" />
		<put-attribute name="nav" value="/WEB-INF/views/template/commonNav.jsp" />
		<put-attribute name="footer" value="/WEB-INF/views/template/homeFooter.jsp" />
	</definition>
	
	<!-- 에러페이지 -->
	<definition name="common/error/*" extends="basicTemplate">
		<put-attribute name="body" value="/WEB-INF/views/common/error/{1}.jsp" />
	</definition>
	
	<!-- 팀소개 -->
	<definition name="team" extends="basicTemplate">
		<put-attribute name="body" value="/WEB-INF/views/common/team.jsp" />
	</definition>
	
	<!-- 클래스  -->
	<definition name="class/*" extends="basicTemplate">
		<put-attribute name="body" value="/WEB-INF/views/client/class/{1}.jsp" />
	</definition>

	<!-- 민섭 -->
	<definition name="qnaboard/*" extends="basicTemplate">
		<put-attribute name="title" value="고객센터" />
		<put-attribute name="body" value="/WEB-INF/views/client/qnaboard/{1}.jsp" />
	</definition>
	
	<!-- 소영 -->
	<definition name="studio/*" extends="basicTemplate">
		<put-attribute name="title" value="스튜디오" /> 
 		<put-attribute name="body" value="/WEB-INF/views/client/studio/{1}.jsp" />
	</definition>
	
	<!-- 마이페이지 레이아웃 -->
	<definition name="mypageContent" template="/WEB-INF/views/template/client/mypageLayout.jsp">
		<put-attribute name="header" value="/WEB-INF/views/template/homeHeader.jsp" />
		<put-attribute name="nav" value="/WEB-INF/views/template/commonNav.jsp" />
		<put-attribute name="body" value="" />
		<put-attribute name="footer" value="/WEB-INF/views/template/homeFooter.jsp" />
	</definition>
	
	<!-- 은아 -->
	<definition name="client/*/*" extends="mypageContent">
		<put-attribute name="body" value="/WEB-INF/views/client/{1}/{2}.jsp" />
	</definition>
	<!-- 웅배 -->
	<definition name="courseHistory" extends="mypageContent">
		<put-attribute name="nav" value="" />
		<put-attribute name="body" value="/WEB-INF/views/client/mypage/courseHistory.jsp" />
	</definition>
	
	
</tiles-definitions>